Pizza_category,Total_Sales,Percentage_of_total_sales
Classic,189983.75,26.667943562155205
Supreme,183022.15,25.690746533976217
Veggie,173837.8,24.401542970749993
Chicken,165561.25,23.239766933118588
